agent,IRR_loose,p_loose,IRR_strict,p_strict,OR_majority,p_majority,IRR_loose_rank,IRR_strict_rank,OR_majority_rank
Devin,17.6817356373366,1.9562024433570567e-100,13.655337822900993,2.8054673731790265e-17,2.8545268959786863,0.0015750912493796127,1.0,2.0,2.0
OpenAI_Codex,15.422967128105022,2.337430456856639e-93,18.171413291866195,3.777962168841342e-21,2.7215200995900557,0.00226163127764481,2.0,1.0,3.0
Copilot,4.148461413329546,5.221608606581084e-25,10.82438958469902,1.8300363780673895e-14,4.200721449184281,1.649966495462304e-05,3.0,3.0,1.0
Cursor,4.049586578502303,2.5755414510944326e-23,5.330437724351811,1.2705024893997662e-07,2.2596112178742582,0.017929299153570628,4.0,4.0,4.0
