agent,n_obs,n_events,median_days,alive_30d,alive_90d,alive_180d
OpenAI_Codex,204894,111600,7.765289351851852,0.43028102871657403,0.40235109027395494,0.40235109027395494
Devin,73105,40970,23.68640046296296,0.47893588166311163,0.4076358230996577,0.3899150914204822
Copilot,64998,18034,inf,0.6868098187059639,0.6371989096026269,0.6371989096026269
Claude_Code,6413,526,inf,0.9038844857276802,0.8945763213014715,0.8915743873373726
Cursor,15635,4385,inf,0.7023516219131235,0.6047297881409954,0.6047297881409954
