feature,gain
task_type,2917.0839233398438
forks,2459.9280042648315
log_stars,2404.82049703598
loc_added,1380.2980875968933
merge_duration_hours,1301.223843574524
language,1166.5632729530334
loc_deleted,912.9753189086914
files_changed,808.893452167511
n_commits,404.20469665527344
agent,382.68227100372314
